Video,Time
Olympics,12
Olympics,44
Olympics,34
Olympics,14
Olympics,9
Olympics,19
Olympics,156
Olympics,23
Olympics,13
Olympics,11
Olympics,47
Olympics,26
Olympics,14
Olympics,33
Olympics,15
Olympics,62
Olympics,5
Olympics,8
Olympics,0
Olympics,154
Olympics,146
Karate Kid,37
Karate Kid,39
Karate Kid,30
Karate Kid,7
Karate Kid,13
Karate Kid,139
Karate Kid,45
Karate Kid,25
Karate Kid,16
Karate Kid,146
Karate Kid,94
Karate Kid,16
Karate Kid,23
Karate Kid,1
Karate Kid,290
Karate Kid,169
Karate Kid,62
Karate Kid,145
Karate Kid,36
Karate Kid,20
Karate Kid,13
